{
	"class_name" : "PinholeCameraParameters",
	"extrinsic" : 
	[
		-0.055795571679825018,
		-0.61116283026806351,
		0.78953584407527178,
		0.0,
		-0.99843598858796379,
		0.031360775551833531,
		-0.046282593371191963,
		0.0,
		0.0035257443607115621,
		-0.79088336476089671,
		-0.61195675702714913,
		0.0,
		-1.5458274793977531,
		-7.8090285531164589,
		47.346424525421156,
		1.0
	],
	"intrinsic" : 
	{
		"height" : 1080,
		"intrinsic_matrix" : 
		[
			935.30743608719376,
			0.0,
			0.0,
			0.0,
			935.30743608719376,
			0.0,
			959.5,
			539.5,
			1.0
		],
		"width" : 1920
	},
	"version_major" : 1,
	"version_minor" : 0
}